{
    "swagger": "2.0",
    "info": {
      "version": "1.0.0", 
      "title": "Basic Calculator Project",
      "description": "User Calcuator Project Application API",
      "license": {
        "name": "MIT",
        "url": "https://opensource.org/licenses/MIT"
      }
    },
    "host": "localhost:3000",
    "basePath": "/",
    "tags": [
      {
        "name": "Calculator",
        "description": "API for Calculus in the system"
      }
    ],
    "schemes": ["http"],
    "consumes": ["application/json"],
    "produces": ["application/json"]
 }